,symbols
0,600000
1,600004
2,600006
3,600007
4,600008
5,600009
6,600010
7,600011
8,600012
9,600015
10,600016
11,600017
12,600018
13,600019
14,600020
15,600021
16,600022
17,600023
18,600025
19,600026
20,600027
21,600028
22,600029
23,600030
24,600031
25,600033
26,600035
27,600036
28,600037
29,600038
30,600039
31,600048
32,600050
33,600051
34,600052
35,600053
36,600054
37,600055
38,600056
39,600057
40,600058
41,600059
42,600060
43,600061
44,600062
45,600063
46,600064
47,600066
48,600067
49,600068
50,600069
51,600070
52,600071
53,600072
54,600073
55,600074
56,600075
57,600076
58,600077
59,600078
60,600079
61,600080
62,600081
63,600082
64,600083
65,600084
66,600085
67,600086
68,600088
69,600089
70,600090
71,600091
72,600093
73,600094
74,600095
75,600096
76,600097
77,600098
78,600099
79,600100
80,600101
81,600103
82,600104
83,600105
84,600106
85,600107
86,600108
87,600109
88,600110
89,600111
90,600112
91,600113
92,600114
93,600115
94,600116
95,600117
96,600118
97,600119
98,600120
99,600121
100,600122
101,600123
102,600125
103,600126
104,600127
105,600128
106,600129
107,600130
108,600131
109,600132
110,600133
111,600135
112,600136
113,600137
114,600138
115,600139
116,600141
117,600143
118,600145
119,600146
120,600148
121,600149
122,600150
123,600151
124,600152
125,600153
126,600155
127,600156
128,600157
129,600158
130,600159
131,600160
132,600161
133,600162
134,600163
135,600165
136,600166
137,600167
138,600168
139,600169
140,600170
141,600171
142,600172
143,600173
144,600175
145,600176
146,600177
147,600178
148,600179
149,600180
150,600182
151,600183
152,600184
153,600185
154,600186
155,600187
156,600188
157,600189
158,600190
159,600191
160,600192
161,600193
162,600195
163,600196
164,600197
165,600198
166,600199
167,600200
168,600201
169,600202
170,600203
171,600206
172,600207
173,600208
174,600209
175,600210
176,600211
177,600212
178,600213
179,600215
180,600216
181,600217
182,600218
183,600219
184,600220
185,600221
186,600222
187,600223
188,600225
189,600226
190,600227
191,600228
192,600229
193,600230
194,600231
195,600232
196,600233
197,600234
198,600235
199,600236
200,600237
201,600238
202,600239
203,600240
204,600241
205,600242
206,600243
207,600246
208,600247
209,600248
210,600249
211,600250
212,600251
213,600252
214,600255
215,600256
216,600257
217,600258
218,600259
219,600260
220,600261
221,600262
222,600265
223,600266
224,600267
225,600268
226,600269
227,600271
228,600272
229,600273
230,600275
231,600276
232,600277
233,600278
234,600279
235,600280
236,600281
237,600282
238,600283
239,600284
240,600285
241,600287
242,600288
243,600289
244,600290
245,600291
246,600292
247,600293
248,600295
249,600297
250,600298
251,600299
252,600300
253,600301
254,600302
255,600303
256,600305
257,600306
258,600307
259,600308
260,600309
261,600310
262,600311
263,600312
264,600313
265,600315
266,600316
267,600317
268,600318
269,600319
270,600320
271,600321
272,600322
273,600323
274,600325
275,600326
276,600327
277,600328
278,600329
279,600330
280,600331
281,600332
282,600333
283,600335
284,600336
285,600337
286,600338
287,600339
288,600340
289,600343
290,600345
291,600346
292,600348
293,600350
294,600351
295,600352
296,600353
297,600354
298,600355
299,600356
300,600358
301,600359
302,600360
303,600361
304,600362
305,600363
306,600365
307,600366
308,600367
309,600368
310,600369
311,600370
312,600371
313,600372
314,600373
315,600375
316,600376
317,600377
318,600378
319,600379
320,600380
321,600381
322,600382
323,600383
324,600385
325,600386
326,600387
327,600388
328,600389
329,600390
330,600391
331,600392
332,600393
333,600395
334,600396
335,600397
336,600398
337,600399
338,600400
339,600403
340,600405
341,600406
342,600408
343,600409
344,600410
345,600415
346,600416
347,600418
348,600419
349,600420
350,600421
351,600422
352,600423
353,600425
354,600426
355,600428
356,600429
357,600433
358,600435
359,600436
360,600438
361,600439
362,600444
363,600446
364,600448
365,600449
366,600452
367,600455
368,600456
369,600458
370,600459
371,600460
372,600461
373,600462
374,600463
375,600466
376,600467
377,600468
378,600469
379,600470
380,600475
381,600476
382,600477
383,600478
384,600479
385,600480
386,600481
387,600482
388,600483
389,600485
390,600486
391,600487
392,600488
393,600489
394,600490
395,600491
396,600493
397,600495
398,600496
399,600497
400,600498
401,600499
402,600500
403,600501
404,600502
405,600503
406,600505
407,600506
408,600507
409,600508
410,600509
411,600510
412,600511
413,600512
414,600513
415,600515
416,600516
417,600517
418,600518
419,600519
420,600520
421,600521
422,600522
423,600523
424,600525
425,600526
426,600527
427,600528
428,600529
429,600530
430,600531
431,600532
432,600533
433,600535
434,600536
435,600537
436,600538
437,600539
438,600540
439,600543
440,600545
441,600546
442,600547
443,600548
444,600549
445,600550
446,600551
447,600552
448,600555
449,600556
450,600557
451,600558
452,600559
453,600560
454,600561
455,600562
456,600563
457,600565
458,600566
459,600567
460,600568
461,600569
462,600570
463,600571
464,600572
465,600573
466,600575
467,600576
468,600577
469,600578
470,600579
471,600580
472,600581
473,600582
474,600583
475,600584
476,600585
477,600586
478,600587
479,600588
480,600589
481,600590
482,600592
483,600593
484,600594
485,600595
486,600596
487,600597
488,600598
489,600599
490,600600
491,600601
492,600602
493,600603
494,600604
495,600605
496,600606
497,600608
498,600609
499,600610
500,600611
501,600612
502,600613
503,600614
504,600615
505,600616
506,600617
507,600618
508,600619
509,600620
510,600621
511,600622
512,600623
513,600624
514,600626
515,600628
516,600629
517,600630
518,600633
519,600634
520,600635
521,600636
522,600637
523,600638
524,600639
525,600640
526,600641
527,600642
528,600643
529,600644
530,600645
531,600647
532,600648
533,600649
534,600650
535,600651
536,600652
537,600653
538,600654
539,600655
540,600657
541,600658
542,600660
543,600661
544,600662
545,600663
546,600664
547,600665
548,600666
549,600667
550,600668
551,600671
552,600673
553,600674
554,600675
555,600676
556,600677
557,600678
558,600679
559,600681
560,600682
561,600683
562,600684
563,600685
564,600686
565,600687
566,600688
567,600689
568,600690
569,600691
570,600692
571,600693
572,600694
573,600695
574,600696
575,600697
576,600698
577,600699
578,600701
579,600702
580,600703
581,600704
582,600705
583,600706
584,600707
585,600708
586,600710
587,600711
588,600712
589,600713
590,600714
591,600715
592,600716
593,600717
594,600718
595,600719
596,600720
597,600721
598,600722
599,600723
600,600724
601,600725
602,600726
603,600727
604,600728
605,600729
606,600730
607,600731
608,600732
609,600733
610,600734
611,600735
612,600736
613,600737
614,600738
615,600739
616,600740
617,600741
618,600742
619,600743
620,600744
621,600745
622,600746
623,600747
624,600748
625,600749
626,600750
627,600751
628,600753
629,600754
630,600755
631,600756
632,600757
633,600758
634,600759
635,600760
636,600761
637,600763
638,600764
639,600765
640,600766
641,600767
642,600768
643,600769
644,600770
645,600771
646,600773
647,600774
648,600775
649,600776
650,600777
651,600778
652,600779
653,600780
654,600781
655,600782
656,600783
657,600784
658,600785
659,600787
660,600789
661,600790
662,600791
663,600792
664,600793
665,600794
666,600795
667,600796
668,600797
669,600798
670,600800
671,600801
672,600802
673,600803
674,600804
675,600805
676,600807
677,600808
678,600809
679,600810
680,600811
681,600812
682,600814
683,600815
684,600816
685,600817
686,600818
687,600819
688,600820
689,600821
690,600822
691,600823
692,600824
693,600825
694,600826
695,600827
696,600828
697,600829
698,600830
699,600831
700,600833
701,600834
702,600835
703,600836
704,600837
705,600838
706,600839
707,600841
708,600843
709,600844
710,600845
711,600846
712,600847
713,600848
714,600850
715,600851
716,600853
717,600854
718,600855
719,600856
720,600857
721,600858
722,600859
723,600860
724,600861
725,600862
726,600863
727,600864
728,600865
729,600866
730,600867
731,600868
732,600869
733,600870
734,600871
735,600872
736,600873
737,600874
738,600875
739,600876
740,600877
741,600879
742,600880
743,600881
744,600882
745,600883
746,600884
747,600885
748,600886
749,600887
750,600888
751,600889
752,600890
753,600891
754,600892
755,600893
756,600894
757,600895
758,600896
759,600897
760,600898
761,600900
762,600901
763,600903
764,600908
765,600909
766,600917
767,600919
768,600926
769,600928
770,600929
771,600933
772,600936
773,600939
774,600958
775,600959
776,600960
777,600961
778,600962
779,600963
780,600965
781,600966
782,600967
783,600968
784,600969
785,600970
786,600971
787,600973
788,600975
789,600976
790,600977
791,600978
792,600979
793,600980
794,600981
795,600982
796,600983
797,600984
798,600985
799,600986
800,600987
801,600988
802,600989
803,600990
804,600992
805,600993
806,600995
807,600996
808,600997
809,600998
810,600999
811,601000
812,601001
813,601002
814,601003
815,601005
816,601006
817,601007
818,601008
819,601009
820,601010
821,601011
822,601012
823,601015
824,601016
825,601018
826,601019
827,601020
828,601021
829,601028
830,601038
831,601058
832,601066
833,601068
834,601069
835,601077
836,601086
837,601088
838,601098
839,601099
840,601100
841,601101
842,601106
843,601107
844,601108
845,601111
846,601113
847,601116
848,601117
849,601118
850,601126
851,601127
852,601128
853,601137
854,601138
855,601139
856,601155
857,601158
858,601162
859,601163
860,601166
861,601168
862,601169
863,601177
864,601179
865,601186
866,601188
867,601198
868,601199
869,601200
870,601208
871,601211
872,601212
873,601216
874,601218
875,601222
876,601225
877,601226
878,601228
879,601229
880,601231
881,601233
882,601236
883,601238
884,601258
885,601288
886,601298
887,601311
888,601318
889,601319
890,601326
891,601328
892,601330
893,601333
894,601336
895,601339
896,601360
897,601366
898,601368
899,601369
900,601375
901,601377
902,601388
903,601390
904,601398
905,601500
906,601515
907,601518
908,601519
909,601555
910,601558
911,601566
912,601567
913,601577
914,601579
915,601588
916,601595
917,601598
918,601599
919,601600
920,601601
921,601606
922,601607
923,601608
924,601611
925,601615
926,601616
927,601618
928,601619
929,601628
930,601633
931,601636
932,601666
933,601668
934,601669
935,601677
936,601678
937,601688
938,601689
939,601698
940,601699
941,601700
942,601717
943,601718
944,601727
945,601766
946,601777
947,601788
948,601789
949,601798
950,601799
951,601800
952,601801
953,601808
954,601811
955,601818
956,601828
957,601838
958,601857
959,601858
960,601860
961,601865
962,601866
963,601869
964,601872
965,601877
966,601878
967,601880
968,601881
969,601882
970,601886
971,601888
972,601890
973,601898
974,601899
975,601900
976,601901
977,601908
978,601918
979,601919
980,601928
981,601929
982,601933
983,601939
984,601949
985,601952
986,601958
987,601965
988,601966
989,601968
990,601969
991,601975
992,601985
993,601988
994,601989
995,601990
996,601991
997,601992
998,601996
999,601997
1000,601998
1001,601999
1002,603000
1003,603001
1004,603002
1005,603003
1006,603005
1007,603006
1008,603007
1009,603008
1010,603009
1011,603010
1012,603011
1013,603012
1014,603013
1015,603015
1016,603016
1017,603017
1018,603018
1019,603019
1020,603020
1021,603021
1022,603022
1023,603023
1024,603025
1025,603026
1026,603027
1027,603028
1028,603029
1029,603030
1030,603031
1031,603032
1032,603033
1033,603035
1034,603036
1035,603037
1036,603038
1037,603039
1038,603040
1039,603041
1040,603042
1041,603043
1042,603045
1043,603050
1044,603055
1045,603056
1046,603058
1047,603059
1048,603060
1049,603063
1050,603066
1051,603067
1052,603068
1053,603069
1054,603076
1055,603077
1056,603078
1057,603079
1058,603080
1059,603081
1060,603083
1061,603085
1062,603086
1063,603088
1064,603089
1065,603090
1066,603093
1067,603096
1068,603098
1069,603099
1070,603100
1071,603101
1072,603103
1073,603105
1074,603106
1075,603108
1076,603110
1077,603111
1078,603113
1079,603115
1080,603116
1081,603117
1082,603118
1083,603121
1084,603123
1085,603126
1086,603127
1087,603128
1088,603129
1089,603131
1090,603133
1091,603136
1092,603138
1093,603139
1094,603156
1095,603157
1096,603158
1097,603159
1098,603160
1099,603161
1100,603165
1101,603166
1102,603167
1103,603168
1104,603169
1105,603177
1106,603178
1107,603179
1108,603180
1109,603181
1110,603183
1111,603185
1112,603186
1113,603187
1114,603188
1115,603189
1116,603192
1117,603196
1118,603197
1119,603198
1120,603199
1121,603200
1122,603203
1123,603208
1124,603214
1125,603217
1126,603218
1127,603220
1128,603222
1129,603223
1130,603225
1131,603226
1132,603227
1133,603228
1134,603229
1135,603232
1136,603233
1137,603236
1138,603238
1139,603239
1140,603256
1141,603258
1142,603259
1143,603260
1144,603266
1145,603267
1146,603268
1147,603269
1148,603277
1149,603278
1150,603279
1151,603283
1152,603286
1153,603288
1154,603289
1155,603297
1156,603298
1157,603299
1158,603300
1159,603301
1160,603303
1161,603305
1162,603306
1163,603308
1164,603309
1165,603311
1166,603313
1167,603315
1168,603316
1169,603317
1170,603318
1171,603319
1172,603320
1173,603321
1174,603322
1175,603323
1176,603326
1177,603327
1178,603328
1179,603329
1180,603330
1181,603331
1182,603332
1183,603333
1184,603335
1185,603336
1186,603337
1187,603338
1188,603339
1189,603345
1190,603348
1191,603351
1192,603355
1193,603356
1194,603357
1195,603358
1196,603359
1197,603360
1198,603363
1199,603365
1200,603366
1201,603367
1202,603368
1203,603369
1204,603377
1205,603378
1206,603379
1207,603380
1208,603383
1209,603385
1210,603386
1211,603387
1212,603388
1213,603389
1214,603393
1215,603396
1216,603398
1217,603399
1218,603416
1219,603421
1220,603429
1221,603444
1222,603456
1223,603458
1224,603466
1225,603477
1226,603486
1227,603488
1228,603489
1229,603496
1230,603499
1231,603500
1232,603501
1233,603505
1234,603506
1235,603507
1236,603508
1237,603515
1238,603516
1239,603517
1240,603518
1241,603519
1242,603520
1243,603527
1244,603528
1245,603530
1246,603533
1247,603535
1248,603536
1249,603538
1250,603555
1251,603556
1252,603557
1253,603558
1254,603559
1255,603566
1256,603567
1257,603568
1258,603569
1259,603577
1260,603578
1261,603579
1262,603580
1263,603583
1264,603585
1265,603586
1266,603587
1267,603588
1268,603589
1269,603590
1270,603595
1271,603596
1272,603598
1273,603599
1274,603600
1275,603601
1276,603602
1277,603603
1278,603605
1279,603606
1280,603607
1281,603608
1282,603609
1283,603610
1284,603611
1285,603612
1286,603613
1287,603615
1288,603616
1289,603617
1290,603618
1291,603619
1292,603626
1293,603628
1294,603629
1295,603630
1296,603633
1297,603636
1298,603637
1299,603638
1300,603639
1301,603648
1302,603650
1303,603655
1304,603656
1305,603657
1306,603658
1307,603659
1308,603660
1309,603661
1310,603662
1311,603663
1312,603665
1313,603666
1314,603667
1315,603668
1316,603669
1317,603676
1318,603677
1319,603678
1320,603679
1321,603680
1322,603681
1323,603683
1324,603685
1325,603686
1326,603687
1327,603688
1328,603689
1329,603690
1330,603693
1331,603696
1332,603697
1333,603698
1334,603699
1335,603700
1336,603701
1337,603703
1338,603706
1339,603707
1340,603708
1341,603709
1342,603711
1343,603712
1344,603713
1345,603716
1346,603717
1347,603718
1348,603721
1349,603722
1350,603725
1351,603726
1352,603727
1353,603728
1354,603729
1355,603730
1356,603733
1357,603737
1358,603738
1359,603739
1360,603755
1361,603757
1362,603758
1363,603766
1364,603767
1365,603768
1366,603773
1367,603776
1368,603777
1369,603778
1370,603779
1371,603786
1372,603787
1373,603788
1374,603789
1375,603790
1376,603797
1377,603798
1378,603799
1379,603800
1380,603801
1381,603803
1382,603806
1383,603808
1384,603809
1385,603810
1386,603811
1387,603813
1388,603815
1389,603816
1390,603817
1391,603818
1392,603819
1393,603822
1394,603823
1395,603825
1396,603826
1397,603828
1398,603829
1399,603833
1400,603838
1401,603839
1402,603843
1403,603848
1404,603855
1405,603856
1406,603858
1407,603859
1408,603860
1409,603861
1410,603863
1411,603866
1412,603867
1413,603868
1414,603869
1415,603871
1416,603876
1417,603877
1418,603878
1419,603879
1420,603880
1421,603881
1422,603882
1423,603883
1424,603885
1425,603886
1426,603887
1427,603888
1428,603889
1429,603890
1430,603895
1431,603896
1432,603897
1433,603898
1434,603899
1435,603900
1436,603901
1437,603903
1438,603906
1439,603908
1440,603909
1441,603912
1442,603915
1443,603916
1444,603917
1445,603918
1446,603919
1447,603920
1448,603922
1449,603926
1450,603927
1451,603928
1452,603929
1453,603933
1454,603936
1455,603937
1456,603938
1457,603939
1458,603955
1459,603956
1460,603958
1461,603959
1462,603960
1463,603963
1464,603966
1465,603967
1466,603968
1467,603969
1468,603970
1469,603976
1470,603977
1471,603978
1472,603979
1473,603980
1474,603982
1475,603983
1476,603985
1477,603986
1478,603987
1479,603988
1480,603989
1481,603990
1482,603991
1483,603992
1484,603993
1485,603996
1486,603997
1487,603998
1488,603999
1489,688001
1490,688002
1491,688003
1492,688005
1493,688006
1494,688007
1495,688008
1496,688009
1497,688010
1498,688011
1499,688012
1500,688015
1501,688016
1502,688018
1503,688019
1504,688020
1505,688022
1506,688028
1507,688029
1508,688030
1509,688033
1510,688036
1511,688066
1512,688068
1513,688088
1514,688098
1515,688099
1516,688108
1517,688116
1518,688122
1519,688139
1520,688168
1521,688188
1522,688321
1523,688333
1524,688366
1525,688368
1526,688369
1527,688388
1528,000001
1529,000002
1530,000004
1531,000005
1532,000006
1533,000007
1534,000008
1535,000009
1536,000010
1537,000011
1538,000012
1539,000014
1540,000016
1541,000017
1542,000018
1543,000019
1544,000020
1545,000021
1546,000023
1547,000025
1548,000026
1549,000027
1550,000028
1551,000029
1552,000030
1553,000031
1554,000032
1555,000034
1556,000035
1557,000036
1558,000037
1559,000038
1560,000039
1561,000040
1562,000042
1563,000043
1564,000045
1565,000046
1566,000048
1567,000049
1568,000050
1569,000055
1570,000056
1571,000058
1572,000059
1573,000060
1574,000061
1575,000062
1576,000063
1577,000065
1578,000066
1579,000068
1580,000069
1581,000070
1582,000078
1583,000088
1584,000089
1585,000090
1586,000096
1587,000099
1588,000100
1589,000150
1590,000151
1591,000153
1592,000155
1593,000156
1594,000157
1595,000158
1596,000159
1597,000166
1598,000301
1599,000333
1600,000338
1601,000400
1602,000401
1603,000402
1604,000403
1605,000404
1606,000407
1607,000408
1608,000409
1609,000410
1610,000411
1611,000413
1612,000415
1613,000416
1614,000417
1615,000419
1616,000420
1617,000421
1618,000422
1619,000423
1620,000425
1621,000426
1622,000428
1623,000429
1624,000430
1625,000488
1626,000498
1627,000501
1628,000502
1629,000503
1630,000504
1631,000505
1632,000506
1633,000507
1634,000509
1635,000510
1636,000513
1637,000514
1638,000516
1639,000517
1640,000518
1641,000519
1642,000520
1643,000521
1644,000523
1645,000524
1646,000525
1647,000526
1648,000528
1649,000529
1650,000530
1651,000531
1652,000532
1653,000533
1654,000534
1655,000536
1656,000537
1657,000538
1658,000539
1659,000540
1660,000541
1661,000543
1662,000544
1663,000545
1664,000546
1665,000547
1666,000548
1667,000550
1668,000551
1669,000552
1670,000553
1671,000554
1672,000555
1673,000557
1674,000558
1675,000559
1676,000560
1677,000561
1678,000563
1679,000564
1680,000565
1681,000566
1682,000567
1683,000568
1684,000570
1685,000571
1686,000572
1687,000573
1688,000576
1689,000581
1690,000582
1691,000584
1692,000585
1693,000586
1694,000587
1695,000589
1696,000590
1697,000591
1698,000592
1699,000593
1700,000595
1701,000596
1702,000597
1703,000598
1704,000599
1705,000600
1706,000601
1707,000603
1708,000605
1709,000606
1710,000607
1711,000608
1712,000609
1713,000610
1714,000611
1715,000612
1716,000613
1717,000615
1718,000616
1719,000617
1720,000619
1721,000620
1722,000622
1723,000623
1724,000625
1725,000626
1726,000627
1727,000628
1728,000629
1729,000630
1730,000631
1731,000632
1732,000633
1733,000635
1734,000636
1735,000637
1736,000638
1737,000639
1738,000650
1739,000651
1740,000652
1741,000655
1742,000656
1743,000657
1744,000659
1745,000661
1746,000662
1747,000663
1748,000665
1749,000666
1750,000667
1751,000668
1752,000669
1753,000670
1754,000671
1755,000672
1756,000673
1757,000676
1758,000677
1759,000678
1760,000679
1761,000680
1762,000681
1763,000682
1764,000683
1765,000685
1766,000686
1767,000687
1768,000688
1769,000690
1770,000691
1771,000692
1772,000695
1773,000697
1774,000698
1775,000700
1776,000701
1777,000702
1778,000703
1779,000705
1780,000707
1781,000708
1782,000709
1783,000710
1784,000711
1785,000712
1786,000713
1787,000715
1788,000716
1789,000717
1790,000718
1791,000719
1792,000720
1793,000721
1794,000722
1795,000723
1796,000725
1797,000726
1798,000727
1799,000728
1800,000729
1801,000731
1802,000732
1803,000733
1804,000735
1805,000736
1806,000737
1807,000738
1808,000739
1809,000750
1810,000751
1811,000752
1812,000753
1813,000755
1814,000756
1815,000757
1816,000758
1817,000759
1818,000760
1819,000761
1820,000762
1821,000766
1822,000767
1823,000768
1824,000776
1825,000777
1826,000778
1827,000779
1828,000780
1829,000782
1830,000783
1831,000785
1832,000786
1833,000788
1834,000789
1835,000790
1836,000791
1837,000792
1838,000793
1839,000795
1840,000796
1841,000797
1842,000798
1843,000799
1844,000800
1845,000801
1846,000802
1847,000803
1848,000806
1849,000807
1850,000809
1851,000810
1852,000811
1853,000812
1854,000813
1855,000815
1856,000816
1857,000818
1858,000819
1859,000820
1860,000821
1861,000822
1862,000823
1863,000825
1864,000826
1865,000828
1866,000829
1867,000830
1868,000831
1869,000833
1870,000835
1871,000836
1872,000837
1873,000838
1874,000839
1875,000848
1876,000850
1877,000851
1878,000852
1879,000856
1880,000858
1881,000859
1882,000860
1883,000861
1884,000862
1885,000863
1886,000868
1887,000869
1888,000875
1889,000876
1890,000877
1891,000878
1892,000880
1893,000881
1894,000882
1895,000883
1896,000885
1897,000886
1898,000887
1899,000888
1900,000889
1901,000890
1902,000892
1903,000893
1904,000895
1905,000897
1906,000898
1907,000899
1908,000900
1909,000901
1910,000902
1911,000903
1912,000905
1913,000906
1914,000908
1915,000909
1916,000910
1917,000911
1918,000912
1919,000913
1920,000915
1921,000917
1922,000918
1923,000919
1924,000920
1925,000921
1926,000922
1927,000923
1928,000925
1929,000926
1930,000927
1931,000928
1932,000929
1933,000930
1934,000931
1935,000932
1936,000933
1937,000935
1938,000936
1939,000937
1940,000938
1941,000939
1942,000948
1943,000949
1944,000950
1945,000951
1946,000952
1947,000953
1948,000955
1949,000957
1950,000958
1951,000959
1952,000960
1953,000961
1954,000962
1955,000963
1956,000965
1957,000966
1958,000967
1959,000968
1960,000969
1961,000970
1962,000971
1963,000972
1964,000973
1965,000975
1966,000976
1967,000977
1968,000978
1969,000980
1970,000981
1971,000982
1972,000983
1973,000985
1974,000987
1975,000988
1976,000989
1977,000990
1978,000993
1979,000995
1980,000996
1981,000997
1982,000998
1983,000999
1984,001696
1985,001872
1986,001896
1987,001965
1988,001979
1989,002001
1990,002002
1991,002003
1992,002004
1993,002005
1994,002006
1995,002007
1996,002008
1997,002009
1998,002010
1999,002011
2000,002012
2001,002013
2002,002014
2003,002015
2004,002016
2005,002017
2006,002019
2007,002020
2008,002021
2009,002022
2010,002023
2011,002024
2012,002025
2013,002026
2014,002027
2015,002028
2016,002029
2017,002030
2018,002031
2019,002032
2020,002033
2021,002034
2022,002035
2023,002036
2024,002037
2025,002038
2026,002039
2027,002040
2028,002041
2029,002042
2030,002043
2031,002044
2032,002045
2033,002046
2034,002047
2035,002048
2036,002049
2037,002050
2038,002051
2039,002052
2040,002053
2041,002054
2042,002055
2043,002056
2044,002057
2045,002058
2046,002059
2047,002060
2048,002061
2049,002062
2050,002063
2051,002064
2052,002065
2053,002066
2054,002067
2055,002068
2056,002069
2057,002071
2058,002072
2059,002073
2060,002074
2061,002075
2062,002076
2063,002077
2064,002078
2065,002079
2066,002080
2067,002081
2068,002082
2069,002083
2070,002084
2071,002085
2072,002086
2073,002087
2074,002088
2075,002089
2076,002090
2077,002091
2078,002092
2079,002093
2080,002094
2081,002095
2082,002096
2083,002097
2084,002098
2085,002099
2086,002100
2087,002101
2088,002102
2089,002103
2090,002104
2091,002105
2092,002106
2093,002107
2094,002108
2095,002109
2096,002110
2097,002111
2098,002112
2099,002113
2100,002114
2101,002115
2102,002116
2103,002117
2104,002118
2105,002119
2106,002120
2107,002121
2108,002122
2109,002123
2110,002124
2111,002125
2112,002126
2113,002127
2114,002128
2115,002129
2116,002130
2117,002131
2118,002132
2119,002133
2120,002134
2121,002135
2122,002136
2123,002137
2124,002138
2125,002139
2126,002140
2127,002141
2128,002142
2129,002143
2130,002144
2131,002145
2132,002146
2133,002147
2134,002148
2135,002149
2136,002150
2137,002151
2138,002152
2139,002153
2140,002154
2141,002155
2142,002156
2143,002157
2144,002158
2145,002159
2146,002160
2147,002161
2148,002162
2149,002163
2150,002164
2151,002165
2152,002166
2153,002167
2154,002168
2155,002169
2156,002170
2157,002171
2158,002172
2159,002173
2160,002174
2161,002175
2162,002176
2163,002177
2164,002178
2165,002179
2166,002180
2167,002181
2168,002182
2169,002183
2170,002184
2171,002185
2172,002186
2173,002187
2174,002188
2175,002189
2176,002190
2177,002191
2178,002192
2179,002193
2180,002194
2181,002195
2182,002196
2183,002197
2184,002198
2185,002199
2186,002200
2187,002201
2188,002202
2189,002203
2190,002204
2191,002205
2192,002206
2193,002207
2194,002208
2195,002209
2196,002210
2197,002211
2198,002212
2199,002213
2200,002214
2201,002215
2202,002216
2203,002217
2204,002218
2205,002219
2206,002220
2207,002221
2208,002222
2209,002223
2210,002224
2211,002225
2212,002226
2213,002227
2214,002228
2215,002229
2216,002230
2217,002231
2218,002232
2219,002233
2220,002234
2221,002235
2222,002236
2223,002237
2224,002238
2225,002239
2226,002240
2227,002241
2228,002242
2229,002243
2230,002244
2231,002245
2232,002246
2233,002247
2234,002248
2235,002249
2236,002250
2237,002251
2238,002252
2239,002253
2240,002254
2241,002255
2242,002256
2243,002258
2244,002259
2245,002260
2246,002261
2247,002262
2248,002263
2249,002264
2250,002265
2251,002266
2252,002267
2253,002268
2254,002269
2255,002270
2256,002271
2257,002272
2258,002273
2259,002274
2260,002275
2261,002276
2262,002277
2263,002278
2264,002279
2265,002280
2266,002281
2267,002282
2268,002283
2269,002284
2270,002285
2271,002286
2272,002287
2273,002288
2274,002289
2275,002290
2276,002291
2277,002292
2278,002293
2279,002294
2280,002295
2281,002296
2282,002297
2283,002298
2284,002299
2285,002300
2286,002301
2287,002302
2288,002303
2289,002304
2290,002305
2291,002306
2292,002307
2293,002308
2294,002309
2295,002310
2296,002311
2297,002312
2298,002313
2299,002314
2300,002315
2301,002316
2302,002317
2303,002318
2304,002319
2305,002320
2306,002321
2307,002322
2308,002323
2309,002324
2310,002325
2311,002326
2312,002327
2313,002328
2314,002329
2315,002330
2316,002331
2317,002332
2318,002333
2319,002334
2320,002335
2321,002336
2322,002337
2323,002338
2324,002339
2325,002340
2326,002341
2327,002342
2328,002343
2329,002344
2330,002345
2331,002346
2332,002347
2333,002348
2334,002349
2335,002350
2336,002351
2337,002352
2338,002353
2339,002354
2340,002355
2341,002356
2342,002357
2343,002358
2344,002359
2345,002360
2346,002361
2347,002362
2348,002363
2349,002364
2350,002365
2351,002366
2352,002367
2353,002368
2354,002369
2355,002370
2356,002371
2357,002372
2358,002373
2359,002374
2360,002375
2361,002376
2362,002377
2363,002378
2364,002379
2365,002380
2366,002381
2367,002382
2368,002383
2369,002384
2370,002385
2371,002386
2372,002387
2373,002388
2374,002389
2375,002390
2376,002391
2377,002392
2378,002393
2379,002394
2380,002395
2381,002396
2382,002397
2383,002398
2384,002399
2385,002400
2386,002401
2387,002402
2388,002403
2389,002404
2390,002405
2391,002406
2392,002407
2393,002408
2394,002409
2395,002410
2396,002411
2397,002412
2398,002413
2399,002414
2400,002415
2401,002416
2402,002417
2403,002418
2404,002419
2405,002420
2406,002421
2407,002422
2408,002423
2409,002424
2410,002425
2411,002426
2412,002427
2413,002428
2414,002429
2415,002430
2416,002431
2417,002432
2418,002433
2419,002434
2420,002435
2421,002436
2422,002437
2423,002438
2424,002439
2425,002440
2426,002441
2427,002442
2428,002443
2429,002444
2430,002445
2431,002446
2432,002447
2433,002448
2434,002449
2435,002450
2436,002451
2437,002452
2438,002453
2439,002454
2440,002455
2441,002456
2442,002457
2443,002458
2444,002459
2445,002460
2446,002461
2447,002462
2448,002463
2449,002464
2450,002465
2451,002466
2452,002467
2453,002468
2454,002469
2455,002470
2456,002471
2457,002472
2458,002473
2459,002474
2460,002475
2461,002476
2462,002478
2463,002479
2464,002480
2465,002481
2466,002482
2467,002483
2468,002484
2469,002485
2470,002486
2471,002487
2472,002488
2473,002489
2474,002490
2475,002491
2476,002492
2477,002493
2478,002494
2479,002495
2480,002496
2481,002497
2482,002498
2483,002499
2484,002500
2485,002501
2486,002502
2487,002503
2488,002504
2489,002505
2490,002506
2491,002507
2492,002508
2493,002509
2494,002510
2495,002511
2496,002512
2497,002513
2498,002514
2499,002515
2500,002516
2501,002517
2502,002518
2503,002519
2504,002520
2505,002521
2506,002522
2507,002523
2508,002524
2509,002526
2510,002527
2511,002528
2512,002529
2513,002530
2514,002531
2515,002532
2516,002533
2517,002534
2518,002535
2519,002536
2520,002537
2521,002538
2522,002539
2523,002540
2524,002541
2525,002542
2526,002543
2527,002544
2528,002545
2529,002546
2530,002547
2531,002548
2532,002549
2533,002550
2534,002551
2535,002552
2536,002553
2537,002554
2538,002555
2539,002556
2540,002557
2541,002558
2542,002559
2543,002560
2544,002561
2545,002562
2546,002563
2547,002564
2548,002565
2549,002566
2550,002567
2551,002568
2552,002569
2553,002570
2554,002571
2555,002572
2556,002573
2557,002574
2558,002575
2559,002576
2560,002577
2561,002578
2562,002579
2563,002580
2564,002581
2565,002582
2566,002583
2567,002584
2568,002585
2569,002586
2570,002587
2571,002588
2572,002589
2573,002590
2574,002591
2575,002592
2576,002593
2577,002594
2578,002595
2579,002596
2580,002597
2581,002598
2582,002599
2583,002600
2584,002601
2585,002602
2586,002603
2587,002604
2588,002605
2589,002606
2590,002607
2591,002608
2592,002609
2593,002610
2594,002611
2595,002612
2596,002613
2597,002614
2598,002615
2599,002616
2600,002617
2601,002618
2602,002619
2603,002620
2604,002621
2605,002622
2606,002623
2607,002624
2608,002625
2609,002626
2610,002627
2611,002628
2612,002629
2613,002630
2614,002631
2615,002632
2616,002633
2617,002634
2618,002635
2619,002636
2620,002637
2621,002638
2622,002639
2623,002640
2624,002641
2625,002642
2626,002643
2627,002644
2628,002645
2629,002646
2630,002647
2631,002648
2632,002649
2633,002650
2634,002651
2635,002652
2636,002653
2637,002654
2638,002655
2639,002656
2640,002657
2641,002658
2642,002659
2643,002660
2644,002661
2645,002662
2646,002663
2647,002664
2648,002665
2649,002666
2650,002667
2651,002668
2652,002669
2653,002670
2654,002671
2655,002672
2656,002673
2657,002674
2658,002675
2659,002676
2660,002677
2661,002678
2662,002679
2663,002680
2664,002681
2665,002682
2666,002683
2667,002684
2668,002685
2669,002686
2670,002687
2671,002688
2672,002689
2673,002690
2674,002691
2675,002692
2676,002693
2677,002694
2678,002695
2679,002696
2680,002697
2681,002698
2682,002699
2683,002700
2684,002701
2685,002702
2686,002703
2687,002705
2688,002706
2689,002707
2690,002708
2691,002709
2692,002711
2693,002712
2694,002713
2695,002714
2696,002715
2697,002716
2698,002717
2699,002718
2700,002719
2701,002721
2702,002722
2703,002723
2704,002724
2705,002725
2706,002726
2707,002727
2708,002728
2709,002729
2710,002730
2711,002731
2712,002732
2713,002733
2714,002734
2715,002735
2716,002736
2717,002737
2718,002738
2719,002739
2720,002740
2721,002741
2722,002742
2723,002743
2724,002745
2725,002746
2726,002747
2727,002748
2728,002749
2729,002750
2730,002751
2731,002752
2732,002753
2733,002755
2734,002756
2735,002757
2736,002758
2737,002759
2738,002760
2739,002761
2740,002762
2741,002763
2742,002765
2743,002766
2744,002767
2745,002768
2746,002769
2747,002770
2748,002771
2749,002772
2750,002773
2751,002774
2752,002775
2753,002776
2754,002777
2755,002778
2756,002779
2757,002780
2758,002781
2759,002782
2760,002783
2761,002785
2762,002786
2763,002787
2764,002788
2765,002789
2766,002790
2767,002791
2768,002792
2769,002793
2770,002795
2771,002796
2772,002797
2773,002798
2774,002799
2775,002800
2776,002801
2777,002802
2778,002803
2779,002805
2780,002806
2781,002807
2782,002808
2783,002809
2784,002810
2785,002811
2786,002812
2787,002813
2788,002815
2789,002816
2790,002817
2791,002818
2792,002819
2793,002820
2794,002821
2795,002822
2796,002823
2797,002824
2798,002825
2799,002826
2800,002827
2801,002828
2802,002829
2803,002830
2804,002831
2805,002832
2806,002833
2807,002835
2808,002836
2809,002837
2810,002838
2811,002839
2812,002840
2813,002841
2814,002842
2815,002843
2816,002845
2817,002846
2818,002847
2819,002848
2820,002849
2821,002850
2822,002851
2823,002852
2824,002853
2825,002855
2826,002856
2827,002857
2828,002858
2829,002859
2830,002860
2831,002861
2832,002862
2833,002863
2834,002864
2835,002865
2836,002866
2837,002867
2838,002868
2839,002869
2840,002870
2841,002871
2842,002872
2843,002873
2844,002875
2845,002876
2846,002877
2847,002878
2848,002879
2849,002880
2850,002881
2851,002882
2852,002883
2853,002884
2854,002885
2855,002886
2856,002887
2857,002888
2858,002889
2859,002890
2860,002891
2861,002892
2862,002893
2863,002895
2864,002896
2865,002897
2866,002898
2867,002899
2868,002900
2869,002901
2870,002902
2871,002903
2872,002905
2873,002906
2874,002907
2875,002908
2876,002909
2877,002910
2878,002911
2879,002912
2880,002913
2881,002915
2882,002916
2883,002917
2884,002918
2885,002919
2886,002920
2887,002921
2888,002922
2889,002923
2890,002925
2891,002926
2892,002927
2893,002928
2894,002929
2895,002930
2896,002931
2897,002932
2898,002933
2899,002935
2900,002936
2901,002937
2902,002938
2903,002939
2904,002940
2905,002941
2906,002942
2907,002943
2908,002945
2909,002946
2910,002947
2911,002948
2912,002949
2913,002950
2914,002951
2915,002952
2916,002953
2917,002955
2918,002956
2919,002957
2920,002958
2921,002959
2922,002960
2923,002961
2924,002962
2925,002963
2926,002965
2927,002966
2928,003816
2929,300001
2930,300002
2931,300003
2932,300004
2933,300005
2934,300006
2935,300007
2936,300008
2937,300009
2938,300010
2939,300011
2940,300012
2941,300013
2942,300014
2943,300015
2944,300016
2945,300017
2946,300018
2947,300019
2948,300020
2949,300021
2950,300022
2951,300023
2952,300024
2953,300025
2954,300026
2955,300027
2956,300028
2957,300029
2958,300030
2959,300031
2960,300032
2961,300033
2962,300034
2963,300035
2964,300036
2965,300037
2966,300038
2967,300039
2968,300040
2969,300041
2970,300042
2971,300043
2972,300044
2973,300045
2974,300046
2975,300047
2976,300048
2977,300049
2978,300050
2979,300051
2980,300052
2981,300053
2982,300054
2983,300055
2984,300056
2985,300057
2986,300058
2987,300059
2988,300061
2989,300062
2990,300063
2991,300064
2992,300065
2993,300066
2994,300067
2995,300068
2996,300069
2997,300070
2998,300071
2999,300072
3000,300073
3001,300074
3002,300075
3003,300076
3004,300077
3005,300078
3006,300079
3007,300080
3008,300081
3009,300082
3010,300083
3011,300084
3012,300085
3013,300086
3014,300087
3015,300088
3016,300089
3017,300090
3018,300091
3019,300092
3020,300093
3021,300094
3022,300095
3023,300096
3024,300097
3025,300098
3026,300099
3027,300100
3028,300101
3029,300102
3030,300103
3031,300104
3032,300105
3033,300106
3034,300107
3035,300108
3036,300109
3037,300110
3038,300111
3039,300112
3040,300113
3041,300114
3042,300115
3043,300116
3044,300117
3045,300118
3046,300119
3047,300120
3048,300121
3049,300122
3050,300123
3051,300124
3052,300125
3053,300126
3054,300127
3055,300128
3056,300129
3057,300130
3058,300131
3059,300132
3060,300133
3061,300134
3062,300135
3063,300136
3064,300137
3065,300138
3066,300139
3067,300140
3068,300141
3069,300142
3070,300143
3071,300144
3072,300145
3073,300146
3074,300147
3075,300148
3076,300149
3077,300150
3078,300151
3079,300152
3080,300153
3081,300154
3082,300155
3083,300156
3084,300157
3085,300158
3086,300159
3087,300160
3088,300161
3089,300162
3090,300163
3091,300164
3092,300165
3093,300166
3094,300167
3095,300168
3096,300169
3097,300170
3098,300171
3099,300172
3100,300173
3101,300174
3102,300175
3103,300176
3104,300177
3105,300178
3106,300179
3107,300180
3108,300181
3109,300182
3110,300183
3111,300184
3112,300185
3113,300187
3114,300188
3115,300189
3116,300190
3117,300191
3118,300192
3119,300193
3120,300194
3121,300195
3122,300196
3123,300197
3124,300198
3125,300199
3126,300200
3127,300201
3128,300202
3129,300203
3130,300204
3131,300205
3132,300206
3133,300207
3134,300208
3135,300209
3136,300210
3137,300211
3138,300212
3139,300213
3140,300214
3141,300215
3142,300216
3143,300217
3144,300218
3145,300219
3146,300220
3147,300221
3148,300222
3149,300223
3150,300224
3151,300225
3152,300226
3153,300227
3154,300228
3155,300229
3156,300230
3157,300231
3158,300232
3159,300233
3160,300234
3161,300235
3162,300236
3163,300237
3164,300238
3165,300239
3166,300240
3167,300241
3168,300242
3169,300243
3170,300244
3171,300245
3172,300246
3173,300247
3174,300248
3175,300249
3176,300250
3177,300251
3178,300252
3179,300253
3180,300254
3181,300255
3182,300256
3183,300257
3184,300258
3185,300259
3186,300260
3187,300261
3188,300262
3189,300263
3190,300264
3191,300265
3192,300266
3193,300267
3194,300268
3195,300269
3196,300270
3197,300271
3198,300272
3199,300273
3200,300274
3201,300275
3202,300276
3203,300277
3204,300278
3205,300279
3206,300280
3207,300281
3208,300282
3209,300283
3210,300284
3211,300285
3212,300286
3213,300287
3214,300288
3215,300289
3216,300290
3217,300291
3218,300292
3219,300293
3220,300294
3221,300295
3222,300296
3223,300297
3224,300298
3225,300299
3226,300300
3227,300301
3228,300302
3229,300303
3230,300304
3231,300305
3232,300306
3233,300307
3234,300308
3235,300309
3236,300310
3237,300311
3238,300312
3239,300313
3240,300314
3241,300315
3242,300316
3243,300317
3244,300318
3245,300319
3246,300320
3247,300321
3248,300322
3249,300323
3250,300324
3251,300325
3252,300326
3253,300327
3254,300328
3255,300329
3256,300330
3257,300331
3258,300332
3259,300333
3260,300334
3261,300335
3262,300336
3263,300337
3264,300338
3265,300339
3266,300340
3267,300341
3268,300342
3269,300343
3270,300344
3271,300345
3272,300346
3273,300347
3274,300348
3275,300349
3276,300350
3277,300351
3278,300352
3279,300353
3280,300354
3281,300355
3282,300356
3283,300357
3284,300358
3285,300359
3286,300360
3287,300362
3288,300363
3289,300364
3290,300365
3291,300366
3292,300367
3293,300368
3294,300369
3295,300370
3296,300371
3297,300373
3298,300374
3299,300375
3300,300376
3301,300377
3302,300378
3303,300379
3304,300380
3305,300381
3306,300382
3307,300383
3308,300384
3309,300385
3310,300386
3311,300387
3312,300388
3313,300389
3314,300390
3315,300391
3316,300392
3317,300393
3318,300394
3319,300395
3320,300396
3321,300397
3322,300398
3323,300399
3324,300400
3325,300401
3326,300402
3327,300403
3328,300404
3329,300405
3330,300406
3331,300407
3332,300408
3333,300409
3334,300410
3335,300411
3336,300412
3337,300413
3338,300414
3339,300415
3340,300416
3341,300417
3342,300418
3343,300419
3344,300420
3345,300421
3346,300422
3347,300423
3348,300424
3349,300425
3350,300426
3351,300427
3352,300428
3353,300429
3354,300430
3355,300431
3356,300432
3357,300433
3358,300434
3359,300435
3360,300436
3361,300437
3362,300438
3363,300439
3364,300440
3365,300441
3366,300442
3367,300443
3368,300444
3369,300445
3370,300446
3371,300447
3372,300448
3373,300449
3374,300450
3375,300451
3376,300452
3377,300453
3378,300454
3379,300455
3380,300456
3381,300457
3382,300458
3383,300459
3384,300460
3385,300461
3386,300462
3387,300463
3388,300464
3389,300465
3390,300466
3391,300467
3392,300468
3393,300469
3394,300470
3395,300471
3396,300472
3397,300473
3398,300474
3399,300475
3400,300476
3401,300477
3402,300478
3403,300479
3404,300480
3405,300481
3406,300482
3407,300483
3408,300484
3409,300485
3410,300486
3411,300487
3412,300488
3413,300489
3414,300490
3415,300491
3416,300492
3417,300493
3418,300494
3419,300495
3420,300496
3421,300497
3422,300498
3423,300499
3424,300500
3425,300501
3426,300502
3427,300503
3428,300504
3429,300505
3430,300506
3431,300507
3432,300508
3433,300509
3434,300510
3435,300511
3436,300512
3437,300513
3438,300514
3439,300515
3440,300516
3441,300517
3442,300518
3443,300519
3444,300520
3445,300521
3446,300522
3447,300523
3448,300525
3449,300526
3450,300527
3451,300528
3452,300529
3453,300530
3454,300531
3455,300532
3456,300533
3457,300534
3458,300535
3459,300536
3460,300537
3461,300538
3462,300539
3463,300540
3464,300541
3465,300542
3466,300543
3467,300545
3468,300546
3469,300547
3470,300548
3471,300549
3472,300550
3473,300551
3474,300552
3475,300553
3476,300554
3477,300555
3478,300556
3479,300557
3480,300558
3481,300559
3482,300560
3483,300561
3484,300562
3485,300563
3486,300565
3487,300566
3488,300567
3489,300568
3490,300569
3491,300570
3492,300571
3493,300572
3494,300573
3495,300575
3496,300576
3497,300577
3498,300578
3499,300579
3500,300580
3501,300581
3502,300582
3503,300583
3504,300584
3505,300585
3506,300586
3507,300587
3508,300588
3509,300589
3510,300590
3511,300591
3512,300592
3513,300593
3514,300594
3515,300595
3516,300596
3517,300597
3518,300598
3519,300599
3520,300600
3521,300601
3522,300602
3523,300603
3524,300604
3525,300605
3526,300606
3527,300607
3528,300608
3529,300609
3530,300610
3531,300611
3532,300612
3533,300613
3534,300615
3535,300616
3536,300617
3537,300618
3538,300619
3539,300620
3540,300621
3541,300622
3542,300623
3543,300624
3544,300625
3545,300626
3546,300627
3547,300628
3548,300629
3549,300630
3550,300631
3551,300632
3552,300633
3553,300634
3554,300635
3555,300636
3556,300637
3557,300638
3558,300639
3559,300640
3560,300641
3561,300642
3562,300643
3563,300644
3564,300645
3565,300647
3566,300648
3567,300649
3568,300650
3569,300651
3570,300652
3571,300653
3572,300654
3573,300655
3574,300656
3575,300657
3576,300658
3577,300659
3578,300660
3579,300661
3580,300662
3581,300663
3582,300664
3583,300665
3584,300666
3585,300667
3586,300668
3587,300669
3588,300670
3589,300671
3590,300672
3591,300673
3592,300674
3593,300675
3594,300676
3595,300677
3596,300678
3597,300679
3598,300680
3599,300681
3600,300682
3601,300683
3602,300684
3603,300685
3604,300686
3605,300687
3606,300688
3607,300689
3608,300690
3609,300691
3610,300692
3611,300693
3612,300694
3613,300695
3614,300696
3615,300697
3616,300698
3617,300699
3618,300700
3619,300701
3620,300702
3621,300703
3622,300705
3623,300706
3624,300707
3625,300708
3626,300709
3627,300710
3628,300711
3629,300712
3630,300713
3631,300715
3632,300716
3633,300717
3634,300718
3635,300719
3636,300720
3637,300721
3638,300722
3639,300723
3640,300724
3641,300725
3642,300726
3643,300727
3644,300729
3645,300730
3646,300731
3647,300732
3648,300733
3649,300735
3650,300736
3651,300737
3652,300738
3653,300739
3654,300740
3655,300741
3656,300742
3657,300743
3658,300745
3659,300746
3660,300747
3661,300748
3662,300749
3663,300750
3664,300751
3665,300752
3666,300753
3667,300755
3668,300756
3669,300757
3670,300758
3671,300759
3672,300760
3673,300761
3674,300762
3675,300763
3676,300765
3677,300766
3678,300767
3679,300768
3680,300769
3681,300770
3682,300771
3683,300772
3684,300773
3685,300775
3686,300776
3687,300777
3688,300778
3689,300779
3690,300780
3691,300781
3692,300782
3693,300783
3694,300785
3695,300786
3696,300787
3697,300788
3698,300789
3699,300790
3700,300791
3701,300792
3702,300793
3703,300795
3704,300796
